{
  "spec/agent_spec.rb": 0.004637200003344333,
  "spec/parallel_agent_spec.rb": 2.0070256930011965
}