{
  "spec/agent_2_spec.rb": 0.00387866699929873,
  "spec/agent_spec.rb": 0.0024999739998747827
}